{"cameraMode":{"drawMode":0,"name":"Shaded","section":"Shading Mode"},"sceneLighting":false,"audioPlay":false,"sceneViewState":{"m_AlwaysRefresh":false,"showFog":true,"showSkybox":false,"showFlares":true,"showImageEffects":true,"showParticleSystems":true,"showVisualEffectGraphs":true,"m_FxEnabled":true},"in2DMode":false,"pivot":{"x":-36.96546173095703,"y":1.0645694732666016,"z":-27.552988052368165},"rotation":{"x":0.09007157385349274,"y":-0.050459299236536029,"z":0.004576535429805517,"w":0.994656503200531},"size":1.3976372480392457,"orthographic":false}