{"cameraMode":{"drawMode":0,"name":"Shaded","section":"Shading Mode"},"sceneLighting":true,"audioPlay":false,"sceneViewState":{"m_AlwaysRefresh":false,"showFog":true,"showSkybox":true,"showFlares":true,"showImageEffects":true,"showParticleSystems":true,"showVisualEffectGraphs":true,"m_FxEnabled":true},"in2DMode":false,"pivot":{"x":-62.801456451416019,"y":4.529840469360352,"z":-55.8698844909668},"rotation":{"x":0.010275754146277905,"y":-0.9764955043792725,"z":0.047787364572286609,"w":0.20996716618537904},"size":31.43254280090332,"orthographic":false}